{
  "account": {
    "transactions": {
      "refundTitle": "You were refunded a transaction cost as a result of transferring with FirstChoice."
    },
    "beneficiaries": {
      "noBeneficiary": {
        "Superannuation": {
          "title": "You have no active beneficiaries",
          "content": "<p>You haven’t nominated any beneficiaries or the selected beneficiary nomination has expired.</p>"
        },
        "Pension": {
          "title": "You have no active beneficiaries",
          "content": "<p>You haven’t nominated any beneficiaries or the selected beneficiary nomination has expired.</p>"
        },
        "Annuity": {
          "title": "You have no active beneficiaries",
          "content": "<p>You haven’t nominated any beneficiaries or the selected beneficiary nomination has expired.</p>"
        }
      },
      "guide": {
        "Superannuation": [
          {
            "id": "1",
            "question": "How to update my beneficiary details?",
            "quicknotes": [
              {
                "id": "1",
                "icon": "clock",
                "title": "Time",
                "content": "<p>20 minutes to read and complete the form<br />5 days to process the nomination</p>"
              },
              {
                "id": "2",
                "icon": "pencil-alt",
                "title": "What you will need",
                "content": "<p>Two adult witnesses</p>"
              },
              {
                "id": "3",
                "title": "Please note:",
                "content": "<p>This form can’t be completed online as we require physical signatures to process the form.</p>"
              }
            ],
            "answer": "<div><h3>Step 1 &mdash; download, print and complete the form</h3><p>To nominate a beneficiary or update your current beneficiary details you will need to download the non-lapsing death benefit nomination form which can be found <a target='_blank' href='https://www3.colonialfirststate.com.au/content/dam/prospects/fs/4/7/fs4700.pdf?5'>here</a>.</p><p>All required sections of the form must be completed and the total percentage of nominations must equal 100%.</p><p>It's important to take the time to read and complete each required section of the form correctly.</p><p>Once completed, the form must be signed and dated by you and two witnesses who are over 18 years old and who cannot be named as beneficiaries on your account.</p><h3>Step 2 &mdash; return the form to us</h3><p>You can upload a scanned copy of the completed and signed form through the full FirstNet site under My Account > Upload a scanned form. You can access the full FirstNet site <a href='<%# new-fni-dashboard-url #%>'>here</a>.</p><p>Alternatively you can mail the form to us at:<br/>Colonial First State<br/>Reply Paid 27<br/>Sydney NSW 2001<br/></p><h3>All done!</h3><p>Once we have received your completed and signed form we will process it within 5 working days provided it looks like all sections have been completed correctly. If we can see any incorrect or incomplete information one of our team members will contact you.</p></div>",
            "reminder": {
              "icon": "list-alt",
              "title": "Things to remember",
              "checkpoints": [
                {
                  "icon": "check",
                  "title": "Neither of your witnesses can be named as a beneficiary"
                },
                {
                  "icon": "check",
                  "title": "Your witnesses have to date the form the same date as you"
                },
                {
                  "icon": "check",
                  "title": "All required sections of this form need to be completed"
                },
                {
                  "icon": "check",
                  "title": "Total percentage of nominations must equal 100%"
                },
                {
                  "icon": "check",
                  "title": "Any alterations must be initialled by you and both witnesses"
                }
              ]
            },
            "analyticsTag": "update-beneficiary-details"
          },
          {
            "id": "2",
            "question": "What is a non-lapsing death benefit nomination?",
            "answer": "<div><p>A non-lapsing death benefit nomination is a written request made by you, to Colonial First State (your super fund trustee) on who to pay your death benefit - it includes the total super balance and any life insurance held in the account.</p><h3>How long does the nomination last?</h3><p>It remains in place until you revoke it or make a new nomination.</p><h3>Who can I nominate?</h3><p>To have a valid non-lapsing death benefit nomination you can only nominate your dependants and/or your legal personal representative. Your legal personal representative is the person appointed on your death as the executor or administrator of your estate.</p><span>Your dependants are:</span><ul><li>Your current spouse</li><li>Your child</li><li>Any person financially dependent on you</li><li>Any person with whom you have an interdependency relationship</li></ul><h3>What happens if I don't make a nomination?</h3><p>Without a valid non-lapsing death benefit nomination, your death benefit (which includes your super balance and any life insurance held in the account) will become payable by Colonial First State (your super fund trustee) to your legal personal representative. If you don’t have a legal personal representative, Colonial First State will determine who receives your benefit.</p><p>For further information on non-lapsing death benefit nominations, please refer to the current <a href='https://www3.colonialfirststate.com.au/personal/resources/pds.html' target='_blank'>Product Disclosure Statement</a> or speak to your financial adviser.</div>",
            "analyticsTag": "non-lapsing-death-benefit-nomination"
          }
        ],
        "Pension": [
          {
            "id": "1",
            "question": "How to update my beneficiary details?",
            "quicknotes": [
              {
                "id": "1",
                "icon": "clock",
                "title": "Time",
                "content": "<p>20 minutes to read and complete the form<br />5 days to process the nomination<br /></p>"
              },
              {
                "id": "2",
                "title": "If making a non-lapsing death benefit nomination"
              },
              {
                "id": "3",
                "icon": "pencil-alt",
                "title": "What you will need",
                "content": "<p>Two adult witnesses</p>"
              },
              {
                "id": "4",
                "title": "Please note:",
                "content": "<p>This form can’t be completed online as we require physical signatures to process the form.</p>"
              }
            ],
            "answer": "<div><h3>Step 1 &mdash; download, print and complete the form</h3><p>To nominate, replace or revoke a beneficiary, download, print and complete the relevant form below.</p><p><b>Reversionary beneficiary</b> &mdash; A reversionary beneficiary is the person you nominate to receive your pension as an income stream upon your death.<br/><a target='_blank' href='https://www3.colonialfirststate.com.au/content/dam/prospects/fs/6/0/fs6043.pdf?2'>Reversionary beneficiary form</a><br /></p><p><b>Non-lapsing death benefit nomination</b> &mdash; A non-lapsing death benefit nomination is a written request made by you to Colonial First State on who to pay your death benefit.<br/><a target='_blank' href='https://www3.colonialfirststate.com.au/content/dam/prospects/fs/4/7/fs4700.pdf?5'>Non-lapsing death benefit nomination</a></p><h3>If making a non-lapsing death benefit nomination</h3><p>All required sections of the form must be completed and the total percentage of nominations must equal 100%.</p><p>It's important to take the time to read and complete each required section of the form correctly.</p><p>Once completed, the form must be signed and dated by you and two witnesses who are over 18 years old and who cannot be named as beneficiaries on your account.</p><h3>Step 2 &mdash; return the form to us</h3><p>You can upload a scanned copy of the completed and signed form through the full FirstNet site under My Account > Upload a scanned form. You can access the full FirstNet site <a href='<%# new-fni-dashboard-url #%>'>here</a>.</p><p>Alternatively you can mail the form to us at:<br/>Colonial First State<br/>Reply Paid 27<br/>Sydney NSW 2001<br/></p><h3>All done!</h3><p>Once we have received your completed and signed form we will process it within 5 working days provided it looks like all sections have been completed correctly. If we can see any incorrect or incomplete information one of our team members will contact you.</p></div>",
            "reminder": {
              "icon": "list-alt",
              "title": "Things to remember (If making a non-lapsing death benefit nomination)",
              "checkpoints": [
                {
                  "icon": "check",
                  "title": "Neither of your witnesses can be named as a beneficiary"
                },
                {
                  "icon": "check",
                  "title": "Your witnesses have to date the form the same date as you"
                },
                {
                  "icon": "check",
                  "title": "All required sections of this form need to be completed"
                },
                {
                  "icon": "check",
                  "title": "Total percentage of nominations must equal 100%"
                },
                {
                  "icon": "check",
                  "title": "Any alterations must be initialled by you and both witnesses"
                }
              ]
            },
            "analyticsTag": "update-beneficiary-details"
          },
          {
            "id": "2",
            "question": "What is a non-lapsing death benefit nomination?",
            "answer": "<div><p>A non-lapsing death benefit nomination is a written request made by you to Colonial First State on who to pay your death benefit.</p><h3>How long does the nomination last? </h3><p>It remains in place until you revoke it or make a new nomination.</p><h3>Who can I nominate?</h3><p>To have a valid non-lapsing death benefit nomination you can only nominate your dependants and/or your legal personal representative. Your legal personal representative is the person appointed on your death as the executor or administrator of your estate.</p><span>Your dependants are: </span><ul><li>Your current spouse </li><li>Your child </li><li>Any person financially dependent on you </li><li>Any person with whom you have an interdependency relationship </li></ul><h3>What happens if I don't make a nomination? </h3><p>Without a valid non-lapsing death benefit nomination, your death benefit will become payable by Colonial First State (your super fund trustee) to your legal personal representative. If you don’t have a legal personal representative, Colonial First State will determine who receives your benefit.</p><p>For further information on non-lapsing death benefit nominations, please refer to the current <a href='https://www3.colonialfirststate.com.au/personal/resources/pds.html' target='_blank'>Product Disclosure Statement</a> or speak to your financial adviser.</p></div>",
            "analyticsTag": "non-lapsing-death-benefit-nomination"
          },
          {
            "id": "3",
            "question": "What is a reversionary beneficiary nomination?",
            "answer": "<div><p>A reversionary beneficiary is the person you nominate to receive your pension as an income stream upon your death. You can nominate your reversionary beneficiary at the time of commencing your pension or add or remove a reversionary beneficiary on your existing pension.</p><h3>Who can I nominate?</h3><p>You can only nominate someone who is considered to be your dependant under superannuation legislation and is also a dependant who is eligible to receive a death benefit as a reversionary pension.</p><span>Your dependants are: </span><ul><li>Your current spouse</li><li>Your child</li><li>Any person financially dependent on you</li><li>Any person with whom you have an interdependency relationship</li></ul><h3>What happens if I don't make a nomination? </h3><p>Without a valid reversionary beneficiary nomination, your death benefit will become payable by Colonial First State (your super fund trustee) to your legal personal representative. If you don’t have a legal personal representative, Colonial First State will determine who receives your benefit.</p><p>For further information on reversionary beneficiaries, please refer to the current <a href='https://www3.colonialfirststate.com.au/personal/resources/pds.html' target='_blank'>Product Disclosure Statement</a> or speak to your financial adviser.</div>",
            "analyticsTag": "reversionary-beneficiary-nomination"
          }
        ],
        "AnnuityReversionary": [
          {
            "id": "1",
            "question": "What is a reversionary beneficiary nomination?",
            "answer": "<p>An individual who will receive the annuity income if the Policy Owner dies. A Reversionary Beneficiary must be chosen when purchasing the annuity and can't be changed or removed at a later date.</p>",
            "analyticsTag": "reversionary-beneficiary-nomination"
          }
        ],
        "AnnuityNominated": [
          {
            "id": "1",
            "question": "How to update my beneficiary details?",
            "answer": "<p>To nominate, replace or revoke a nominated beneficiary please contact us on <a href='tel:131336'>13 13 36</a> or speak to your financial adviser for more information.</p>",
            "analyticsTag": "update-beneficiary-details"
          },
          {
            "id": "2",
            "question": "What is a nominated beneficiary nomination?",
            "answer": "<p>An individual who will receive the annuity income if the Policy Owner dies and they survive any Joint Policy Owner or Revisionary Beneficiary. This nomination can be changed at any time. If the annuity is joint-owned, both Policy Owners must authorise the request.</p>",
            "analyticsTag": "nominated-beneficiary-nomination"
          }
        ],
        "Annuity": [
          {
            "id": "1",
            "question": "How to update my beneficiary details?",
            "answer": [
              "<p>To understand what happens to your annuity or more about the beneficiary options available to you, please refer to your PDS or speak to your financial adviser for more information.</p>"
            ],
            "analyticsTag": "update-beneficiary-details"
          },
          {
            "id": "2",
            "question": "What is a nominated beneficiary nomination?",
            "answer": "<p>An individual who will receive the annuity income if the Policy Owner dies and they survive any Joint Policy Owner or Revisionary Beneficiary. This nomination can be changed at any time. If the annuity is joint-owned, both Policy Owners must authorise the request.</p>",
            "analyticsTag": "nominated-beneficiary-nomination"
          },
          {
            "id": "3",
            "question": "What is a reversionary beneficiary nomination?",
            "answer": "<p>An individual who will receive the annuity income if the Policy Owner dies. A Reversionary Beneficiary must be chosen when purchasing the annuity and can't be changed or removed at a later date.</p>",
            "analyticsTag": "reversionary-beneficiary-nomination"
          }
        ]
      }
    },
    "insurance": {
      "details": {
        "noInsuranceElection": {
          "heading": "Insurance election",
          "body": "<p>If no money has been added to your super account in the last 16 months, your cover will be cancelled. You can elect to keep your insurance cover in these circumstances.</p>",
          "linkText": "Elect to keep cover"
        },
        "insuranceElection": {
          "heading": "Insurance election",
          "body": "<p>We received your election to keep your insurance cover even if your account is inactive on <%# date #%>. If you need to update or cancel your insurance cover at any time after this election, contact us on <a href='tel:131336'>13 13 36</a>.</p>"
        },
        "smokerStatus": {
          "heading": "Smoker status",
          "body": "<p>Your insurance premiums can be affected by whether or not you smoke.</p>",
          "linkText": "Update smoker status"
        },
        "occupationClassification": {
          "heading": "Occupation collar rating",
          "body": "<p>Different types of occupations have different levels of risks, and your occupation group may affect the cost of your premium.</p>"
        },
        "FCESUP": {
          "insuranceElection": {
            "heading": "Insurance election",
            "body": "<p>We received your election to keep your insurance cover even if your account is inactive on <%# date #%>. If you need to update or cancel your insurance cover at any time after this election, contact us on <a href='tel:1300654666'>1300 654 666</a>.</p>"
          },
          "entitlement": {
            "default": "To edit your insurance settings, please call us on <a href='tel:1300654666'>1300 654 666</a>.",
            "zeroBalance": "You cannot edit your insurance settings because your super balance is $0. Please increase your balance to do this or call us for more information."
          }
        },
        "entitlement": {
          "default": "To edit your insurance settings, please call us on <a href='tel:131336'>13 13 36</a>.",
          "zeroBalance": "You cannot edit your insurance settings because your super balance is $0. Please increase your balance to do this or call us for more information."
        }
      },
      "productType": {
        "FCPSUP": {
          "withCoverGuide": [
            {
              "id": "1",
              "question": "I want to make a claim",
              "answer": "<div><p>We understand that an insurance claim always comes at a difficult time, so we’ll do everything we can to make this process easy and stress free.</p><p>Please call us on <a href='tel:131336'>13 13 36</a> as soon as you need to make a claim, remembering that a waiting period may apply. We’ll talk you through the process and help you determine what steps you need to take and what other information you may need to provide.</p><p>If you delay in notifying us, the insurer may reduce the benefits if your delay has affected the insurer’s ability to adequately assess your claim.</p></div>",
              "reminder": {
                "icon": "list-alt",
                "title": "Things to remember",
                "checkpoints": [
                  {
                    "title": "Before making a claim you may want to speak to a financial adviser to help you understand the terms of your policy and what information is required in the event of a claim."
                  }
                ]
              },
              "analyticsTag": "make-a-claim"
            },
            {
              "id": "2",
              "question": "I want to cancel or reduce my cover",
              "answer": "<div><p>We understand that as your life changes you may need different levels of cover to suit your lifestyle. Our products offer flexible insurance cover so you can reduce or cancel your cover  by calling us on <a href='tel:131336'>13 13 36</a>.</p><p>Before cancelling or reducing your insurance cover you may want to speak to a financial adviser to help you work out an appropriate level of insurance for your current and future needs.</p></div>",
              "analyticsTag": "cancel-or-reduce-my-cover"
            },
            {
              "id": "3",
              "question": "I want to increase my existing cover or apply for an additional cover type",
              "quicknotes": [
                {
                  "id": "1",
                  "icon": "clock",
                  "title": "Time",
                  "content": "<p>The time it takes to complete and process the application will depend on the cover type you are applying for and your individual circumstances.</p><p>We will keep you updated as your application progresses.</p>"
                },
                {
                  "id": "2",
                  "icon": "pencil-alt",
                  "title": "What you may need",
                  "content": "<h6>Depending on the cover type your:</h6><ul><li>medical history and your family’s medical history</li><li>current income and employment</li><li>existing insurance cover and policy</li><li>insurance history</li><li>doctor’s contact information</li><li>employer’s contact information</li></ul>"
                }
              ],
              "answer": "<div><h3>Step 1 &mdash; download, print and complete the form</h3><p>To increase your existing insurance cover, or to apply for a new cover type, you will need to download, print and complete the insurance application form which can be found <a target='_blank' href='https://www3.colonialfirststate.com.au/content/dam/prospects/fs/4/3/fs4329.pdf?7'>here</a>.</p><p>All required sections of the form must be completed and it’s important to take the time to read and complete each section correctly.</p><h3>Life events option</h3><p>You may be eligible to apply to increase your existing life insurance cover without providing any additional medical evidence if you undergo a life event change, for example if you get married or have a child. Learn more about increasing your cover due to a life event <a target='_blank' href='https://www3.colonialfirststate.com.au/personal/resources/fni-help/insurance-in-super.html'>here</a>.</p><h3>Step 2 &mdash; return the form to us</h3><p>You can upload a scanned copy of the completed and signed form, along with any attachments, through the full FirstNet site under My Account > Upload a scanned form. You can access the full FirstNet site <a href='<%# new-fni-dashboard-url #%>'>here</a>.</p><p>Alternatively you can mail the form with attachments to:<br/>Colonial First State<br/>Reply Paid 27<br/>Sydney NSW 2001<br/></p><h3>All done!</h3><p>Once we have received your completed and signed form we will process it as quickly as possible. The time it takes to process the application will depend on the cover type you are applying for and your individual circumstances. We will keep you updated as your application progresses. If there is any incorrect or incomplete information, one of our team members will contact you. Cover is subject to the insurer's acceptance.</p></div>",
              "reminder": {
                "icon": "list-alt",
                "title": "Things to remember",
                "checkpoints": [
                  {
                    "title": "Before updating your insurance cover it’s important to understand the terms of your cover. You may also want to speak to a financial adviser to help you work out an appropriate level of insurance for your current and future needs and adjust your cover accordingly."
                  }
                ]
              },
              "analyticsTag": "increase-existing-cover-additional-cover-type"
            },
            {
              "id": "5",
              "question": "I want to transfer my insurance cover from another super fund",
              "quicknotes": [
                {
                  "id": "1",
                  "icon": "pencil-alt",
                  "title": "You will need details of your:",
                  "content": "<ul><li>existing insurance cover and insurance history</li><li>other account and a copy of your most recent statement</li><li>current income and employment</li></ul><span>Eligibility criteria applies, to learn more click <a target='_blank' href='https://www3.colonialfirststate.com.au/personal/resources/fni-help/insurance-in-super.html'>here</a>.</span>"
                }
              ],
              "answer": "<div><p>We’ve made transferring your cover from another super fund simple and straightforward.</p><h3>Step 1 &mdash; download, print and complete the form</h3><p>To transfer your insurance cover you will need to download, print and complete the transfer of insurance cover form which can be found <a target='_blank' href='https://www3.colonialfirststate.com.au/content/dam/prospects/fs/3/4/fs3468.pdf?2&year=2015'>here</a>.</p><p>All required sections of the form must be completed and it’s important to take the time to read and complete each section correctly.</p><h3>Step 2 &mdash; return the form to us</h3><p>You can upload a scanned copy of the completed and signed form, along with any attachments, through the full FirstNet site under My Account > Upload a scanned form. You can access the full FirstNet site <a href='<%# new-fni-dashboard-url #%>'>here</a>.</p><p>Alternatively you can mail the form with attachments to:<br/>Colonial First State<br/>Reply Paid 27<br/>Sydney NSW 2001<br/></p><h3>All done!</h3><p>Once we have received your completed and signed form we will process it as quickly as possible. The time it takes to process the application will depend on the cover type you are transferring and your individual circumstances. We will keep you updated as your application progresses. If there is any incorrect or incomplete information, one of our team members will contact you.  Cover is subject to the insurer's acceptance.</p></div>",
              "reminder": {
                "icon": "list-alt",
                "title": "Things to remember",
                "checkpoints": [
                  {
                    "title": "Before updating your insurance cover it’s important to understand the terms of your cover, and to check you are eligible to transfer. You shouldn’t cancel your existing insurance cover or transfer any funds until you have received confirmation in writing that your request for insurance has been accepted by Colonial First State. You may also want to speak to a financial adviser to help you work out if transferring your cover is appropriate for your current and future needs."
                  }
                ]
              },
              "analyticsTag": "transfer-insurance-cover-from-another-super"
            },
            {
              "id": "6",
              "question": "I want to learn about insurance in super",
              "answer": "<div><p><b>Like to know more?</b></p><p>To learn more about insurance cover in super, go to <a target='_blank' href='https://www3.colonialfirststate.com.au/personal/campaigns/insurance.html'>colonialfirststate.com.au/insurance</a> or speak to an adviser.</p><p>There is also the Australian Securities and Investment Commission’s MoneySmart website (<a target='_blank' href='https://www.moneysmart.gov.au' >moneysmart.gov.au</a>) which explains what type of life insurance cover members can get through their super, as well as things to consider with each type of insurance cover.</p></div>",
              "analyticsTag": "learn-about-insurance-in-super"
            }
          ],
          "noCoverGuide": [
            {
              "id": "1",
              "question": "I want to apply for cover ",
              "quicknotes": [
                {
                  "id": "1",
                  "icon": "clock",
                  "title": "Time",
                  "content": "<p>The time it takes to complete and process the application will depend on the cover type you are applying for and your individual circumstances.</p><p>We will keep you updated as your application progresses.</p>"
                },
                {
                  "id": "2",
                  "icon": "pencil-alt",
                  "title": "What you may need",
                  "content": "<h6>Depending on the cover type your:</h6><ul><li>medical history and your family’s medical history</li><li>current income and employment</li><li>existing insurance cover and policy</li><li>insurance history</li><li>doctor’s contact information</li><li>employer’s contact information</li></ul>"
                }
              ],
              "answer": "<div><h3>Step 1 &mdash; download, print and complete the form</h3><p>To apply for insurance cover, you will need to download, print and complete the insurance application form which can be found <a target='_blank' href='https://www3.colonialfirststate.com.au/content/dam/prospects/fs/4/3/fs4329.pdf?7'>here</a>.</p><p>All required sections of the form must be completed and it’s important to take the time to read and complete each section correctly.</p><h3>Step 2 &mdash; return the form to us</h3><p>You can upload a scanned copy of the completed and signed form, along with any attachments, through the full FirstNet site under My Account > Upload a scanned form. You can access the full FirstNet site <a href='<%# new-fni-dashboard-url #%>'>here</a>.</p><p>Alternatively you can mail the form with attachments to:<br/>Colonial First State<br/>Reply Paid 27<br/>Sydney NSW 2001<br/></p><h3>All done!</h3><p>Once we have received your completed and signed form we will process it as quickly as possible. The time it takes to process the application will depend on the cover type you are applying for and your individual circumstances. We will keep you updated as your application progresses. If there is any incorrect or incomplete information, one of our team members will contact you.  Cover is subject to the insurer's acceptance.</p></div>",
              "reminder": {
                "icon": "list-alt",
                "title": "Things to remember",
                "checkpoints": [
                  {
                    "title": "Before updating your insurance you may want to speak to a financial adviser to help you work out an appropriate level of insurance for your current and future needs and adjust your cover accordingly."
                  }
                ]
              },
              "analyticsTag": "apply-for-cover"
            },
            {
              "id": "2",
              "question": "I want to transfer my insurance cover from another super fund",
              "quicknotes": [
                {
                  "id": "1",
                  "icon": "pencil-alt",
                  "title": "You will need details of your:",
                  "content": "<ul><li>existing insurance cover and insurance history</li><li>other account and a copy of your most recent statement</li><li>current income and employment</li></ul><span>Eligibility criteria applies, to learn more click <a target='_blank' href='https://www3.colonialfirststate.com.au/personal/resources/fni-help/insurance-in-super.html'>here</a>.</span>"
                }
              ],
              "answer": "<div><p>We’ve made transferring your cover from another super fund simple and straightforward.</p><h3>Step 1 &mdash; download, print and complete the form</h3><p>To transfer your insurance cover you will need to download, print and complete the transfer of insurance cover form which can be found <a target='_blank' href='https://www3.colonialfirststate.com.au/content/dam/prospects/fs/3/4/fs3468.pdf?2&year=2015'>here</a>.</p><p>All required sections of the form must be completed and it’s important to take the time to read and complete each section correctly.</p><h3>Step 2 &mdash; return the form to us</h3><p>You can upload a scanned copy of the completed and signed form, along with any attachments, through the full FirstNet site under My Account > Upload a scanned form. You can access the full FirstNet site <a href='<%# new-fni-dashboard-url #%>'>here</a>.</p><p>Alternatively you can mail the form with attachments to:<br/>Colonial First State<br/>Reply Paid 27<br/>Sydney NSW 2001<br/></p><h3>All done!</h3><p>Once we have received your completed and signed form we will process it as quickly as possible. The time it takes to process the application will depend on the cover type you are transferring and your individual circumstances. We will keep you updated as your application progresses. If there is any incorrect or incomplete information, one of our team members will contact you.  Cover is subject to the insurer's acceptance.</p></div>",
              "reminder": {
                "icon": "list-alt",
                "title": "Things to remember",
                "checkpoints": [
                  {
                    "title": "Before updating your insurance cover it’s important to understand the terms of your cover, and to check you are eligible to transfer. You shouldn’t cancel your existing insurance cover or transfer any funds until you have received confirmation in writing that your request for insurance has been accepted by Colonial First State. You may also want to speak to a financial adviser to help you work out if transferring your cover is appropriate for your current and future needs."
                  }
                ]
              },
              "analyticsTag": "transfer-insurance-cover-from-another-super"
            },
            {
              "id": "6",
              "question": "I want to learn about insurance in super",
              "answer": "<div><p><b>Like to know more?</b></p><p>To learn more about insurance cover in super, go to <a target='_blank' href='https://www3.colonialfirststate.com.au/personal/campaigns/insurance.html'>colonialfirststate.com.au/insurance</a> or speak to an adviser.</p><p>There is also the Australian Securities and Investment Commission’s MoneySmart website (<a target='_blank' href='https://www.moneysmart.gov.au' >moneysmart.gov.au</a>) which explains what type of life insurance cover members can get through their super, as well as things to consider with each type of insurance cover.</p></div>",
              "analyticsTag": "learn-about-insurance-in-super"
            }
          ]
        },
        "FCWSUP": {
          "withCoverGuide": [
            {
              "id": "1",
              "question": "I want to make a claim",
              "answer": "<div><p>We understand that an insurance claim always comes at a difficult time, so we’ll do everything we can to make this process easy and stress free.</p><p>Please call us on <a href='tel:131336'>13 13 36</a> as soon as you need to make a claim, remembering that a waiting period may apply. We’ll talk you through the process and help you determine what steps you need to take and what other information you may need to provide.</p><p>If you delay in notifying us, the insurer may reduce the benefits if your delay has affected the insurer’s ability to adequately assess your claim.</p></div>",
              "reminder": {
                "icon": "list-alt",
                "title": "Things to remember",
                "checkpoints": [
                  {
                    "title": "Before making a claim you may want to speak to a financial adviser to help you understand the terms of your policy and what information is required in the event of a claim."
                  }
                ]
              },
              "analyticsTag": "make-a-claim"
            },
            {
              "id": "2",
              "question": "I want to cancel or reduce my cover",
              "answer": "<div><p>We understand that as your life changes you may need different levels of cover to suit your lifestyle. Our products offer flexible insurance cover so you can reduce or cancel your cover  by calling us on <a href='tel:131336'>13 13 36</a>.</p><p>Before cancelling or reducing your insurance cover you may want to speak to a financial adviser to help you work out an appropriate level of insurance for your current and future needs.</p></div>",
              "analyticsTag": "cancel-or-reduce-my-cover"
            },
            {
              "id": "3",
              "question": "I want to increase my existing cover or apply for an additional cover type",
              "quicknotes": [
                {
                  "id": "1",
                  "icon": "clock",
                  "title": "Time",
                  "content": "<p>The time it takes to complete and process the application will depend on the cover type you are applying for and your individual circumstances.</p><p>We will keep you updated as your application progresses.</p>"
                },
                {
                  "id": "2",
                  "icon": "pencil-alt",
                  "title": "What you may need",
                  "content": "<h6>Depending on the cover type your:</h6><ul><li>medical history and your family’s medical history</li><li>current income and employment</li><li>existing insurance cover and policy</li><li>insurance history</li><li>doctor’s contact information</li><li>employer’s contact information</li></ul>"
                }
              ],
              "answer": "<div><h3>Step 1 &mdash; download, print and complete the form</h3><p>To increase your existing insurance cover, or to apply for a new cover type, you will need to download, print and complete the insurance application form which can be found <a target='_blank' href='https://www3.colonialfirststate.com.au/content/dam/prospects/fs/4/3/fs4329.pdf?7'>here</a>.</p><p>All required sections of the form must be completed and it’s important to take the time to read and complete each section correctly.</p><h3>Life events option</h3><p>You may be eligible to apply to increase your existing life insurance cover without providing any additional medical evidence if you undergo a life event change, for example if you get married or have a child. Learn more about increasing your cover due to a life event <a target='_blank' href='https://www3.colonialfirststate.com.au/personal/resources/fni-help/insurance-in-super.html'>here</a>.</p><h3>Step 2 &mdash; return the form to us</h3><p>You can upload a scanned copy of the completed and signed form, along with any attachments, through the full FirstNet site under My Account > Upload a scanned form. You can access the full FirstNet site <a href='<%# new-fni-dashboard-url #%>'>here</a>.</p><p>Alternatively you can mail the form with attachments to:<br/>Colonial First State<br/>Reply Paid 27<br/>Sydney NSW 2001<br/></p><h3>All done!</h3><p>Once we have received your completed and signed form we will process it as quickly as possible. The time it takes to process the application will depend on the cover type you are applying for and your individual circumstances. We will keep you updated as your application progresses. If there is any incorrect or incomplete information, one of our team members will contact you. Cover is subject to the insurer's acceptance.</p></div>",
              "reminder": {
                "icon": "list-alt",
                "title": "Things to remember",
                "checkpoints": [
                  {
                    "title": "Before updating your insurance cover it’s important to understand the terms of your cover. You may also want to speak to a financial adviser to help you work out an appropriate level of insurance for your current and future needs and adjust your cover accordingly."
                  }
                ]
              },
              "analyticsTag": "increase-existing-cover-additional-cover-type"
            },
            {
              "id": "5",
              "question": "I want to transfer my insurance cover from another super fund",
              "quicknotes": [
                {
                  "id": "1",
                  "icon": "pencil-alt",
                  "title": "You will need details of your:",
                  "content": "<ul><li>existing insurance cover and insurance history</li><li>other account and a copy of your most recent statement</li><li>current income and employment</li></ul><span>Eligibility criteria applies, to learn more click <a target='_blank' href='https://www3.colonialfirststate.com.au/personal/resources/fni-help/insurance-in-super.html'>here</a>.</span>"
                }
              ],
              "answer": "<div><p>We’ve made transferring your cover from another super fund simple and straightforward.</p><h3>Step 1 &mdash; download, print and complete the form</h3><p>To transfer your insurance cover you will need to download, print and complete the transfer of insurance cover form which can be found <a target='_blank' href='https://www3.colonialfirststate.com.au/content/dam/prospects/fs/3/4/fs3468.pdf?2&year=2015'>here</a>.</p><p>All required sections of the form must be completed and it’s important to take the time to read and complete each section correctly.</p><h3>Step 2 &mdash; return the form to us</h3><p>You can upload a scanned copy of the completed and signed form, along with any attachments, through the full FirstNet site under My Account > Upload a scanned form. You can access the full FirstNet site <a href='<%# new-fni-dashboard-url #%>'>here</a>.</p><p>Alternatively you can mail the form with attachments to:<br/>Colonial First State<br/>Reply Paid 27<br/>Sydney NSW 2001<br/></p><h3>All done!</h3><p>Once we have received your completed and signed form we will process it as quickly as possible. The time it takes to process the application will depend on the cover type you are transferring and your individual circumstances. We will keep you updated as your application progresses. If there is any incorrect or incomplete information, one of our team members will contact you.  Cover is subject to the insurer's acceptance.</p></div>",
              "reminder": {
                "icon": "list-alt",
                "title": "Things to remember",
                "checkpoints": [
                  {
                    "title": "Before updating your insurance cover it’s important to understand the terms of your cover, and to check you are eligible to transfer. You shouldn’t cancel your existing insurance cover or transfer any funds until you have received confirmation in writing that your request for insurance has been accepted by Colonial First State. You may also want to speak to a financial adviser to help you work out if transferring your cover is appropriate for your current and future needs."
                  }
                ]
              },
              "analyticsTag": "transfer-insurance-cover-from-another-super"
            },
            {
              "id": "6",
              "question": "I want to learn about insurance in super",
              "answer": "<div><p><b>Like to know more?</b></p><p>To learn more about insurance cover in super, go to <a target='_blank' href='https://www3.colonialfirststate.com.au/personal/campaigns/insurance.html'>colonialfirststate.com.au/insurance</a> or speak to an adviser.</p><p>There is also the Australian Securities and Investment Commission’s MoneySmart website (<a target='_blank' href='https://www.moneysmart.gov.au' >moneysmart.gov.au</a>) which explains what type of life insurance cover members can get through their super, as well as things to consider with each type of insurance cover.</p></div>",
              "analyticsTag": "learn-about-insurance-in-super"
            }
          ],
          "noCoverGuide": [
            {
              "id": "1",
              "question": "I want to apply for cover ",
              "quicknotes": [
                {
                  "id": "1",
                  "icon": "clock",
                  "title": "Time",
                  "content": "<p>The time it takes to complete and process the application will depend on the cover type you are applying for and your individual circumstances.</p><p>We will keep you updated as your application progresses.</p>"
                },
                {
                  "id": "2",
                  "icon": "pencil-alt",
                  "title": "What you may need",
                  "content": "<h6>Depending on the cover type your:</h6><ul><li>medical history and your family’s medical history</li><li>current income and employment</li><li>existing insurance cover and policy</li><li>insurance history</li><li>doctor’s contact information</li><li>employer’s contact information</li></ul>"
                }
              ],
              "answer": "<div><h3>Step 1 &mdash; download, print and complete the form</h3><p>To apply for insurance cover, you will need to download, print and complete the insurance application form which can be found <a target='_blank' href='https://www3.colonialfirststate.com.au/content/dam/prospects/fs/4/3/fs4329.pdf?7'>here</a>.</p><p>All required sections of the form must be completed and it’s important to take the time to read and complete each section correctly.</p><h3>Step 2 &mdash; return the form to us</h3><p>You can upload a scanned copy of the completed and signed form, along with any attachments, through the full FirstNet site under My Account > Upload a scanned form. You can access the full FirstNet site <a href='<%# new-fni-dashboard-url #%>'>here</a>.</p><p>Alternatively you can mail the form with attachments to:<br/>Colonial First State<br/>Reply Paid 27<br/>Sydney NSW 2001<br/></p><h3>All done!</h3><p>Once we have received your completed and signed form we will process it as quickly as possible. The time it takes to process the application will depend on the cover type you are applying for and your individual circumstances. We will keep you updated as your application progresses. If there is any incorrect or incomplete information, one of our team members will contact you.  Cover is subject to the insurer's acceptance.</p></div>",
              "reminder": {
                "icon": "list-alt",
                "title": "Things to remember",
                "checkpoints": [
                  {
                    "title": "Before updating your insurance you may want to speak to a financial adviser to help you work out an appropriate level of insurance for your current and future needs and adjust your cover accordingly."
                  }
                ]
              },
              "analyticsTag": "apply-for-cover"
            },
            {
              "id": "5",
              "question": "I want to transfer my insurance cover from another super fund",
              "quicknotes": [
                {
                  "id": "1",
                  "icon": "pencil-alt",
                  "title": "You will need details of your:",
                  "content": "<ul><li>existing insurance cover and insurance history</li><li>other account and a copy of your most recent statement</li><li>current income and employment</li></ul><span>Eligibility criteria applies, to learn more click <a target='_blank' href='https://www3.colonialfirststate.com.au/personal/resources/fni-help/insurance-in-super.html'>here</a>.</span>"
                }
              ],
              "answer": "<div><p>We’ve made transferring your cover from another super fund simple and straightforward.</p><h3>Step 1 &mdash; download, print and complete the form</h3><p>To transfer your insurance cover you will need to download, print and complete the transfer of insurance cover form which can be found <a target='_blank' href='https://www3.colonialfirststate.com.au/content/dam/prospects/fs/3/4/fs3468.pdf?2&year=2015'>here</a>.</p><p>All required sections of the form must be completed and it’s important to take the time to read and complete each section correctly.</p><h3>Step 2 &mdash; return the form to us</h3><p>You can upload a scanned copy of the completed and signed form, along with any attachments, through the full FirstNet site under My Account > Upload a scanned form. You can access the full FirstNet site <a href='<%# new-fni-dashboard-url #%>'>here</a>.</p><p>Alternatively you can mail the form with attachments to:<br/>Colonial First State<br/>Reply Paid 27<br/>Sydney NSW 2001<br/></p><h3>All done!</h3><p>Once we have received your completed and signed form we will process it as quickly as possible. The time it takes to process the application will depend on the cover type you are transferring and your individual circumstances. We will keep you updated as your application progresses. If there is any incorrect or incomplete information, one of our team members will contact you.  Cover is subject to the insurer's acceptance.</p></div>",
              "reminder": {
                "icon": "list-alt",
                "title": "Things to remember",
                "checkpoints": [
                  {
                    "title": "Before updating your insurance cover it’s important to understand the terms of your cover, and to check you are eligible to transfer. You shouldn’t cancel your existing insurance cover or transfer any funds until you have received confirmation in writing that your request for insurance has been accepted by Colonial First State. You may also want to speak to a financial adviser to help you work out if transferring your cover is appropriate for your current and future needs."
                  }
                ]
              },
              "analyticsTag": "transfer-insurance-cover-from-another-super"
            },
            {
              "id": "6",
              "question": "I want to learn about insurance in super",
              "answer": "<div><p><b>Like to know more?</b></p><p>To learn more about insurance cover in super, go to <a target='_blank' href='https://www3.colonialfirststate.com.au/personal/campaigns/insurance.html'>colonialfirststate.com.au/insurance</a> or speak to an adviser.</p><p>There is also the Australian Securities and Investment Commission’s MoneySmart website (<a target='_blank' href='https://www.moneysmart.gov.au' >moneysmart.gov.au</a>) which explains what type of life insurance cover members can get through their super, as well as things to consider with each type of insurance cover.</p></div>",
              "analyticsTag": "learn-about-insurance-in-super"
            }
          ]
        },
        "SUPER": {
          "withCoverGuide": [
            {
              "id": "1",
              "question": "I want to make a claim",
              "answer": "<div><p>We understand that an insurance claim always comes at a difficult time, so we’ll do everything we can to make this process easy and stress free.</p><p>Please call us on <a href='tel:131336'>13 13 36</a> as soon as you need to make a claim, remembering that a waiting period may apply. We’ll talk you through the process and help you determine what steps you need to take and what other information you may need to provide.</p><p>If you delay in notifying us, the insurer may reduce the benefits if your delay has affected the insurer’s ability to adequately assess your claim.</p></div>",
              "reminder": {
                "icon": "list-alt",
                "title": "Things to remember",
                "checkpoints": [
                  {
                    "title": "Before making a claim you may want to speak to a financial adviser to help you understand the terms of your policy and what information is required in the event of a claim."
                  }
                ]
              },
              "analyticsTag": "make-a-claim"
            },
            {
              "id": "2",
              "question": "I want to cancel or reduce my cover",
              "answer": "<div><p>We understand that as your life changes you may need different levels of cover to suit your lifestyle. Our products offer flexible insurance cover so you can reduce or cancel your cover  by calling us on <a href='tel:131336'>13 13 36</a>.</p><p>Before cancelling or reducing your insurance cover you may want to speak to a financial adviser to help you work out an appropriate level of insurance for your current and future needs.</p></div>",
              "analyticsTag": "cancel-or-reduce-my-cover"
            },
            {
              "id": "3",
              "question": "I want to increase my existing cover or apply for an additional cover type",
              "quicknotes": [
                {
                  "id": "1",
                  "icon": "clock",
                  "title": "Time",
                  "content": "<p>The time it takes to complete and process the application will depend on the cover type you are applying for and your individual circumstances.</p><p>We will keep you updated as your application progresses.</p>"
                },
                {
                  "id": "2",
                  "icon": "pencil-alt",
                  "title": "What you may need",
                  "content": "<h6>Depending on the cover type your:</h6><ul><li>medical history and your family’s medical history</li><li>current income and employment</li><li>existing insurance cover and policy</li><li>insurance history</li><li>doctor’s contact information</li><li>employer’s contact information</li></ul>"
                }
              ],
              "answer": "<div><h3>Step 1 &mdash; download, print and complete the form</h3><p>To increase your existing insurance cover, or to apply for a new cover type, you will need to download, print and complete the insurance application form which can be found <a target='_blank' href='https://www3.colonialfirststate.com.au/content/dam/prospects/fs/5/5/fs5565.pdf?5'>here</a>.</p><p>All required sections of the form must be completed and it’s important to take the time to read and complete each section correctly.</p><h3>Life events option</h3><p>You may be eligible to apply to increase your existing life insurance cover without providing any additional medical evidence if you undergo a life event change, for example if you get married or have a child. Learn more about increasing your cover due to a life event <a target='_blank' href='https://www3.colonialfirststate.com.au/personal/resources/fni-help/insurance-in-super.html'>here</a>.</p><h3>Step 2 &mdash; return the form to us</h3><p>You can upload a scanned copy of the completed and signed form, along with any attachments, through the full FirstNet site under My Account > Upload a scanned form. You can access the full FirstNet site <a href='<%# new-fni-dashboard-url #%>'>here</a>.</p><p>Alternatively you can mail the form with attachments to:<br/>Colonial First State<br/>Reply Paid 27<br/>Sydney NSW 2001<br/></p><h3>All done!</h3><p>Once we have received your completed and signed form we will process it as quickly as possible. The time it takes to process the application will depend on the cover type you are applying for and your individual circumstances. We will keep you updated as your application progresses. If there is any incorrect or incomplete information, one of our team members will contact you. Cover is subject to the insurer's acceptance.</p></div>",
              "reminder": {
                "icon": "list-alt",
                "title": "Things to remember",
                "checkpoints": [
                  {
                    "title": "Before updating your insurance cover it’s important to understand the terms of your cover. You may also want to speak to a financial adviser to help you work out an appropriate level of insurance for your current and future needs and adjust your cover accordingly."
                  }
                ]
              },
              "analyticsTag": "increase-existing-cover-additional-cover-type"
            },
            {
              "id": "6",
              "question": "I want to learn about insurance in super",
              "answer": "<div><p><b>Like to know more?</b></p><p>To learn more about insurance cover in super, go to <a target='_blank' href='https://www3.colonialfirststate.com.au/personal/campaigns/insurance.html'>colonialfirststate.com.au/insurance</a> or speak to an adviser.</p><p>There is also the Australian Securities and Investment Commission’s MoneySmart website (<a target='_blank' href='https://www.moneysmart.gov.au' >moneysmart.gov.au</a>) which explains what type of life insurance cover members can get through their super, as well as things to consider with each type of insurance cover.</p></div>",
              "analyticsTag": "learn-about-insurance-in-super"
            }
          ],
          "noCoverGuide": [
            {
              "id": "1",
              "question": "I want to apply for cover ",
              "quicknotes": [
                {
                  "id": "1",
                  "icon": "clock",
                  "title": "Time",
                  "content": "<p>The time it takes to complete and process the application will depend on the cover type you are applying for and your individual circumstances.</p><p>We will keep you updated as your application progresses.</p>"
                },
                {
                  "id": "2",
                  "icon": "pencil-alt",
                  "title": "What you may need",
                  "content": "<h6>Depending on the cover type your:</h6><ul><li>medical history and your family’s medical history</li><li>current income and employment</li><li>existing insurance cover and policy</li><li>insurance history</li><li>doctor’s contact information</li><li>employer’s contact information</li></ul>"
                }
              ],
              "answer": "<div><h3>Step 1 &mdash; download, print and complete the form</h3><p>To apply for insurance cover, you will need to download, print and complete the insurance application form which can be found <a target='_blank' href='https://www3.colonialfirststate.com.au/content/dam/prospects/fs/5/5/fs5565.pdf?5'>here</a>.</p><p>All required sections of the form must be completed and it’s important to take the time to read and complete each section correctly.</p><h3>Step 2 &mdash; return the form to us</h3><p>You can upload a scanned copy of the completed and signed form, along with any attachments, through the full FirstNet site under My Account > Upload a scanned form. You can access the full FirstNet site <a href='<%# new-fni-dashboard-url #%>'>here</a>.</p><p>Alternatively you can mail the form with attachments to:<br/>Colonial First State<br/>Reply Paid 27<br/>Sydney NSW 2001<br/></p><h3>All done!</h3><p>Once we have received your completed and signed form we will process it as quickly as possible. The time it takes to process the application will depend on the cover type you are applying for and your individual circumstances. We will keep you updated as your application progresses. If there is any incorrect or incomplete information, one of our team members will contact you.  Cover is subject to the insurer's acceptance.</p></div>",
              "reminder": {
                "icon": "list-alt",
                "title": "Things to remember",
                "checkpoints": [
                  {
                    "title": "Before updating your insurance you may want to speak to a financial adviser to help you work out an appropriate level of insurance for your current and future needs and adjust your cover accordingly."
                  }
                ]
              },
              "analyticsTag": "apply-for-cover"
            },
            {
              "id": "6",
              "question": "I want to learn about insurance in super",
              "answer": "<div><p><b>Like to know more?</b></p><p>To learn more about insurance cover in super, go to <a target='_blank' href='https://www3.colonialfirststate.com.au/personal/campaigns/insurance.html'>colonialfirststate.com.au/insurance</a> or speak to an adviser.</p><p>There is also the Australian Securities and Investment Commission’s MoneySmart website (<a target='_blank' href='https://www.moneysmart.gov.au' >moneysmart.gov.au</a>) which explains what type of life insurance cover members can get through their super, as well as things to consider with each type of insurance cover.</p></div>",
              "analyticsTag": "learn-about-insurance-in-super"
            }
          ]
        },
        "FCESUP": {
          "withCoverGuide": [
            {
              "id": "1",
              "question": "I want to make a claim",
              "answer": "<div><p>We understand that an insurance claim always comes at a difficult time, so we’ll do everything we can to make this process easy and stress free.</p><p>Please call us on <a href='tel:1300654666'>1300 654 666</a> as soon as you need to make a claim, remembering that a waiting period may apply. We’ll talk you through the process and help you determine what steps you need to take and what other information you may need to provide.</p><p>If you delay in notifying us, the insurer may reduce the benefits if your delay has affected the insurer’s ability to adequately assess your claim.</p></div>",
              "reminder": {
                "icon": "list-alt",
                "title": "Things to remember",
                "checkpoints": [
                  {
                    "title": "Before making a claim you may want to speak to a financial adviser to help you understand the terms of your policy and what information is required in the event of a claim."
                  }
                ]
              },
              "analyticsTag": "make-a-claim"
            },
            {
              "id": "2",
              "question": "I want to cancel or reduce my cover",
              "answer": "<div><p>We understand that as your life changes you may need different levels of cover to suit your lifestyle. Our products offer flexible insurance cover so you can reduce or cancel your cover by calling us on <a href='tel:1300654666'>1300 654 666</a>.</p><p>Before cancelling or reducing your insurance cover you may want to speak to a financial adviser to help you work out an appropriate level of insurance for your current and future needs.</p></div>",
              "analyticsTag": "cancel-or-reduce-my-cover"
            },
            {
              "id": "3",
              "question": "I want to increase my existing cover or apply for an additional cover type",
              "quicknotes": [
                {
                  "id": "1",
                  "icon": "clock",
                  "title": "Time",
                  "content": "<p>The time it takes to complete and process the application will depend on the cover type you are applying for and your individual circumstances.</p><p>We will keep you updated as your application progresses.</p>"
                },
                {
                  "id": "2",
                  "icon": "pencil-alt",
                  "title": "What you may need",
                  "content": "<h6>Depending on the cover type your:</h6><ul><li>medical history and your family’s medical history</li><li>current income and employment</li><li>existing insurance cover and policy</li><li>insurance history</li><li>doctor’s contact information</li><li>employer’s contact information</li></ul>"
                }
              ],
              "answer": "<div><h3>Step 1 &mdash; download, print and complete the form</h3><p>To increase your existing insurance cover, or to apply for a new cover type, you will need to download, print and complete the insurance application form which can be found <a target='_blank' href='https://www3.colonialfirststate.com.au/content/dam/prospects/fs/1/9/fs1999.pdf?7'>here</a>.</p><p>All required sections of the form must be completed and it’s important to take the time to read and complete each section correctly.</p><h3>Life events option</h3><p>You may be eligible to apply to increase your existing life insurance cover without providing any additional medical evidence if you undergo a life event change, for example if you get married or have a child. Learn more about increasing your cover due to a life event <a target='_blank' href='https://www3.colonialfirststate.com.au/personal/resources/fni-help/insurance-in-super.html'>here</a>.</p><h3>Step 2 &mdash; return the form to us</h3><p>You can upload a scanned copy of the completed and signed form, along with any attachments, through the full FirstNet site under My Account > Upload a scanned form. You can access the full FirstNet site <a href='<%# new-fni-dashboard-url #%>'>here</a>.</p><p>Alternatively you can mail the form with attachments to:<br/>Colonial First State<br/>Reply Paid 27<br/>Sydney NSW 2001<br/></p><h3>All done!</h3><p>Once we have received your completed and signed form we will process it as quickly as possible. The time it takes to process the application will depend on the cover type you are transferring and your individual circumstances. We will keep you updated as your application progresses. If there is any incorrect or incomplete information, one of our team members will contact you.  Cover is subject to the insurer's acceptance.</p></div>",
              "reminder": {
                "icon": "list-alt",
                "title": "Things to remember",
                "checkpoints": [
                  {
                    "title": "Before updating your insurance cover it’s important to understand the terms of your cover. You may also want to speak to a financial adviser to help you work out an appropriate level of insurance for your current and future needs and adjust your cover accordingly."
                  },
                  {
                    "title": "If the insurer approves your request for an increase or additional cover, this will be shown as your Investor Selected Cover."
                  }
                ]
              },
              "analyticsTag": "increase-existing-cover-additional-cover-type"
            },
            {
              "id": "5",
              "question": "I want to transfer my insurance cover from another super fund",
              "quicknotes": [
                {
                  "id": "1",
                  "icon": "pencil-alt",
                  "title": "You will need details of your:",
                  "content": "<ul><li>existing insurance cover and insurance history</li><li>other account and a copy of your most recent statement</li><li>current income and employment</li></ul><span>Eligibility criteria applies, to learn more click <a target='_blank' href='https://www3.colonialfirststate.com.au/personal/resources/fni-help/insurance-in-super.html'>here</a>.</span>"
                }
              ],
              "answer": "<div><p>We’ve made transferring your cover from another super fund simple and straightforward.</p><h3>Step 1 &mdash; download, print and complete the form</h3><p>To transfer your insurance cover you will need to download, print and complete the transfer of insurance cover form which can be found <a target='_blank' href='https://www3.colonialfirststate.com.au/content/dam/prospects/fs/3/4/fs3473.pdf?4'>here</a>.</p><p>All required sections of the form must be completed and it’s important to take the time to read and complete each section correctly.</p><h3>Step 2 &mdash; return the form to us</h3><p>You can upload a scanned copy of the completed and signed form, along with any attachments, through the full FirstNet site under My Account > Upload a scanned form. You can access the full FirstNet site <a href='<%# new-fni-dashboard-url #%>'>here</a>.</p><p>Alternatively you can mail the form with attachments to:<br/>Colonial First State<br/>Reply Paid 27<br/>Sydney NSW 2001<br/></p><h3>All done!</h3><p>Once we have received your completed and signed form we will process it as quickly as possible. The time it takes to process the application will depend on the cover type you are transferring and your individual circumstances. We will keep you updated as your application progresses. If there is any incorrect or incomplete information, one of our team members will contact you.  Cover is subject to the insurer's acceptance.</p></div>",
              "reminder": {
                "icon": "list-alt",
                "title": "Things to remember",
                "checkpoints": [
                  {
                    "title": "Before updating your insurance cover it’s important to understand the terms of your cover, and to check you are eligible to transfer. You shouldn’t cancel your existing insurance cover or transfer any funds until you have received confirmation in writing that your request for insurance has been accepted by Colonial First State. You may also want to speak to a financial adviser to help you work out if transferring your cover is appropriate for your current and future needs."
                  },
                  {
                    "title": "If the insurer approves your request to transfer your cover from another super fund, this cover will be shown as your Investor Selected Cover."
                  }
                ]
              },
              "analyticsTag": "transfer-insurance-cover-from-another-super"
            },
            {
              "id": "6",
              "question": "I want to learn about insurance in super",
              "answer": "<div><p><b>Like to know more?</b></p><p>To learn more about insurance cover in super, go to <a target='_blank' href='https://www3.colonialfirststate.com.au/personal/campaigns/insurance.html'>colonialfirststate.com.au/insurance</a> or speak to an adviser.</p><p>There is also the Australian Securities and Investment Commission’s MoneySmart website (<a target='_blank' href='https://www.moneysmart.gov.au' >moneysmart.gov.au</a>) which explains what type of life insurance cover members can get through their super, as well as things to consider with each type of insurance cover.</p></div>",
              "analyticsTag": "learn-about-insurance-in-super"
            }
          ],
          "noCoverGuide": [
            {
              "id": "1",
              "question": "I want to apply for cover ",
              "quicknotes": [
                {
                  "id": "1",
                  "icon": "clock",
                  "title": "Time",
                  "content": "<p>The time it takes to complete and process the application will depend on the cover type you are applying for and your individual circumstances.</p><p>We will keep you updated as your application progresses.</p>"
                },
                {
                  "id": "2",
                  "icon": "pencil-alt",
                  "title": "What you may need",
                  "content": "<h6>Depending on the cover type your:</h6><ul><li>medical history and your family’s medical history</li><li>current income and employment</li><li>existing insurance cover and policy</li><li>insurance history</li><li>doctor’s contact information</li><li>employer’s contact information</li></ul>"
                }
              ],
              "answer": "<div><h3>Step 1 &mdash; download, print and complete the form</h3><p>To apply for insurance cover, you will need to download, print and complete the insurance application form which can be found <a target='_blank' href='https://www3.colonialfirststate.com.au/content/dam/prospects/fs/1/9/fs1999.pdf?7'>here</a>.</p><p>All required sections of the form must be completed and it’s important to take the time to read and complete each section correctly.</p><h3>Step 2 &mdash; return the form to us</h3><p>You can upload a scanned copy of the completed and signed form, along with any attachments, through the full FirstNet site under My Account > Upload a scanned form. You can access the full FirstNet site <a href='<%# new-fni-dashboard-url #%>'>here</a>.</p><p>Alternatively you can mail the form with attachments to:<br/>Colonial First State<br/>Reply Paid 27<br/>Sydney NSW 2001<br/></p><h3>All done!</h3><p>Once we have received your completed and signed form we will process it as quickly as possible. The time it takes to process the application will depend on the cover type you are applying for and your individual circumstances. We will keep you updated as your application progresses. If there is any incorrect or incomplete information, one of our team members will contact you.  Cover is subject to the insurer's acceptance.</p></div>",
              "reminder": {
                "icon": "list-alt",
                "title": "Things to remember",
                "checkpoints": [
                  {
                    "title": "Before updating your insurance you may want to speak to a financial adviser to help you work out an appropriate level of insurance for your current and future needs and adjust your cover accordingly."
                  }
                ]
              },
              "analyticsTag": "apply-for-cover"
            },
            {
              "id": "5",
              "question": "I want to transfer my insurance cover from another super fund",
              "quicknotes": [
                {
                  "id": "1",
                  "icon": "pencil-alt",
                  "title": "You will need details of your:",
                  "content": "<ul><li>existing insurance cover and insurance history</li><li>other account and a copy of your most recent statement</li><li>current income and employment</li></ul><span>Eligibility criteria applies, to learn more click <a target='_blank' href='https://www3.colonialfirststate.com.au/personal/resources/fni-help/insurance-in-super.html'>here</a>.</span>"
                }
              ],
              "answer": "<div><p>We’ve made transferring your cover from another super fund simple and straightforward.</p><h3>Step 1 &mdash; download, print and complete the form</h3><p>To transfer your insurance cover you will need to download, print and complete the transfer of insurance cover form which can be found <a target='_blank' href='https://www3.colonialfirststate.com.au/content/dam/prospects/fs/3/4/fs3473.pdf?4'>here</a>.</p><p>All required sections of the form must be completed and it’s important to take the time to read and complete each section correctly.</p><h3>Step 2 &mdash; return the form to us</h3><p>You can upload a scanned copy of the completed and signed form, along with any attachments, through the full FirstNet site under My Account > Upload a scanned form. You can access the full FirstNet site <a href='<%# new-fni-dashboard-url #%>'>here</a>.</p><p>Alternatively you can mail the form with attachments to:<br/>Colonial First State<br/>Reply Paid 27<br/>Sydney NSW 2001<br/></p><h3>All done!</h3><p>Once we have received your completed and signed form we will process it as quickly as possible. The time it takes to process the application will depend on the cover type you are transferring and your individual circumstances. We will keep you updated as your application progresses. If there is any incorrect or incomplete information, one of our team members will contact you.  Cover is subject to the insurer's acceptance.</p></div>",
              "reminder": {
                "icon": "list-alt",
                "title": "Things to remember",
                "checkpoints": [
                  {
                    "title": "Before updating your insurance cover it’s important to understand the terms of your cover, and to check you are eligible to transfer. You shouldn’t cancel your existing insurance cover or transfer any funds until you have received confirmation in writing that your request for insurance has been accepted by Colonial First State. You may also want to speak to a financial adviser to help you work out if transferring your cover is appropriate for your current and future needs."
                  },
                  {
                    "title": "If the insurer approves your request to transfer your cover from another super fund, this cover will be shown as your Investor Selected Cover."
                  }
                ]
              },
              "analyticsTag": "transfer-insurance-cover-from-another-super"
            },
            {
              "id": "6",
              "question": "I want to learn about insurance in super",
              "answer": "<div><p><b>Like to know more?</b></p><p>To learn more about insurance cover in super, go to <a target='_blank' href='https://www3.colonialfirststate.com.au/personal/campaigns/insurance.html'>colonialfirststate.com.au/insurance</a> or speak to an adviser.</p><p>There is also the Australian Securities and Investment Commission’s MoneySmart website (<a target='_blank' href='https://www.moneysmart.gov.au' >moneysmart.gov.au</a>) which explains what type of life insurance cover members can get through their super, as well as things to consider with each type of insurance cover.</p></div>",
              "analyticsTag": "learn-about-insurance-in-super"
            }
          ]
        }
      },
      "editInsurance": {
        "noInsuranceElection": "<b>I understand that:</b><ul><li>this election will continue until my account is closed;</li><li>this election applies to the cover that I currently hold in my superannuation account, and any other types of cover that I may hold in my superannuation account from time to time;</li><li>the amount of cover, and the cost of my cover, may change according to the insurance policy terms;</li><li>I can cancel or reduce my cover at any time;</li><li>my cover may end in circumstances set out in the Product Disclosure Statement (for example, there are insufficient funds in your account to pay for your insurance premiums); and</li><li>by keeping the insurance cover, future premiums will continue to be deducted from my account and may reduce my super.</li></ul>",
        "insuranceElected": "<p>We received your election to keep your insurance cover on <%# date #%>. If you need to update or cancel your insurance cover please contact us on <a href='tel:131316'>13 13 16</a>.</p>",
        "insuranceElectionAcknowledgement": "I elect to keep the insurance cover in my superannuation account even if no contribution or rollover is received in my account for a continuous period of 16 months or more.",
        "occupationClassification": "<span>Your occupational collar rating is <%# occupationClassification #%>. The types of duties you perform at work can also impact insurance premiums. If you think the type of work you do has changed please contact <a href='tel:131316'>13 13 16</a>.</span>",
        "FCESUP": {
          "insuranceElected": "<p>We received your election to keep your insurance cover on <%# date #%>. If you need to update or cancel your insurance cover please contact us on <a href='tel:1300654666'>1300 654 666</a>.</p>",
          "occupationClassification": "<span>Your occupational collar rating is <%# occupationClassification #%>. The types of duties you perform at work can also impact insurance premiums. If you think the type of work you do has changed please contact <a href='tel:1300654666'>1300 654 666</a>.</span>"
        }
      },
      "disclaimer": "<span>Monthly premiums shown are estimates of your gross monthly premium. Premiums deducted from your account are reduced by any tax benefits that may apply.</span>"
    }
  }
}
